,Network,Random
0,50.00033333333333,41.900666666666666
