,Network,Random
0,44.98533333333333,42.05333333333333
