,Network,Random
0,46.321333333333335,41.839333333333336
