,Network,Random
0,49.416666666666664,42.21666666666667
1,49.35,42.15
2,48.86666666666667,42.13333333333333
3,49.18333333333334,41.583333333333336
4,49.583333333333336,42.016666666666666
